{
  "label": "best_map_fewest_splits",
  "output_file": "data/ok/final/best_map_fewest_splits.gpkg",
  "n_districts": 5,
  "pp_min": 0.1442329261799081,
  "pp_mean": 0.18857440431689268,
  "pp_max": 0.25788263731412175,
  "pop_dev_max": 0.0020614583314917225,
  "pop_dev_mean": 0.0009657182156691485,
  "cut_edges": 303.0,
  "county_splits": 25.0,
  "district_populations": {
    "district_0": 793867,
    "district_1": 790715,
    "district_2": 795551,
    "district_3": 789315,
    "district_4": 789885
  }
}