{
  "label": "best_map_fewest_splits",
  "output_file": "data/md/final/best_map_fewest_splits.gpkg",
  "n_districts": 8,
  "pp_min": 0.1050489969749674,
  "pp_mean": 0.23258508533311303,
  "pp_max": 0.3612090889079577,
  "pop_dev_max": 0.004639193699490267,
  "pop_dev_mean": 0.00247735566121016,
  "cut_edges": 433.0,
  "county_splits": 19.0,
  "max_county_districts": 4.0,
  "district_populations": {
    "district_0": 771006,
    "district_1": 770061,
    "district_2": 774100,
    "district_3": 773948,
    "district_4": 772453,
    "district_5": 769522,
    "district_6": 775726,
    "district_7": 770335
  }
}