{
  "label": "best_map_compact",
  "output_file": "data/md/final/best_map_compact.gpkg",
  "n_districts": 8,
  "pp_min": 0.1059869719283529,
  "pp_mean": 0.24764584034922477,
  "pp_max": 0.4219620450182058,
  "pop_dev_max": 0.004216668817064695,
  "pop_dev_mean": 0.002062277577478679,
  "cut_edges": 408.0,
  "county_splits": 20.0,
  "max_county_districts": 4.0,
  "district_populations": {
    "district_0": 768888,
    "district_1": 769831,
    "district_2": 774733,
    "district_3": 772051,
    "district_4": 774145,
    "district_5": 771436,
    "district_6": 772726,
    "district_7": 773341
  }
}