{
  "label": "best_map_compact",
  "output_file": "data/nv/final/best_map_compact.gpkg",
  "n_districts": 4,
  "pp_min": 0.30650304587370786,
  "pp_mean": 0.40199579468405877,
  "pp_max": 0.5821983792211004,
  "pop_dev_max": 0.0012439549650938894,
  "pop_dev_mean": 0.0006219774825469447,
  "cut_edges": 228.0,
  "county_splits": 5.0,
  "district_populations": {
    "district_0": 778388,
    "district_1": 774344,
    "district_2": 777528,
    "district_3": 774354
  }
}