{
  "label": "best_map_compact",
  "output_file": "data/ar/final/best_map_compact.gpkg",
  "n_districts": 4,
  "pp_min": 0.11948162788194562,
  "pp_mean": 0.2174943933631358,
  "pp_max": 0.3068265161528568,
  "pop_dev_max": 0.004338054808785557,
  "pop_dev_mean": 0.003120052279803207,
  "cut_edges": 307.0,
  "county_splits": 26.0,
  "district_populations": {
    "district_0": 752793,
    "district_1": 750675,
    "district_2": 755407,
    "district_3": 752613
  }
}