{
  "label": "best_map_compact",
  "output_file": "data/nm/final/best_map_compact.gpkg",
  "n_districts": 3,
  "pp_min": 0.22143410628363033,
  "pp_mean": 0.2799744253157613,
  "pp_max": 0.3239028659136285,
  "pop_dev_max": 0.004434900794419192,
  "pop_dev_mean": 0.0029566005296127393,
  "cut_edges": 184.0,
  "county_splits": 12.0,
  "district_populations": {
    "district_0": 705987,
    "district_1": 703135,
    "district_2": 708400
  }
}