{
  "label": "best_map_compact",
  "output_file": "data/pa/final/best_map_compact.gpkg",
  "n_districts": 17,
  "pp_min": 0.10290839831480358,
  "pp_mean": 0.1809267451079199,
  "pp_max": 0.3248645631720812,
  "pop_dev_max": 0.004657156239112711,
  "pop_dev_mean": 0.0021616360096051632,
  "cut_edges": 1728.0,
  "county_splits": 75.0,
  "district_populations": {
    "district_0": 765520,
    "district_1": 763472,
    "district_2": 766087,
    "district_3": 763889,
    "district_4": 764402,
    "district_5": 765669,
    "district_6": 763852,
    "district_7": 766336,
    "district_8": 762106,
    "district_9": 764962,
    "district_10": 764649,
    "district_11": 764767,
    "district_12": 763701,
    "district_13": 764376,
    "district_14": 765559,
    "district_15": 764619,
    "district_16": 768604
  }
}