{
  "label": "best_map_compact",
  "output_file": "data/mn/final/best_map_compact.gpkg",
  "n_districts": 8,
  "pp_min": 0.11816674041577066,
  "pp_mean": 0.21310723419352492,
  "pp_max": 0.29135379611533346,
  "pop_dev_max": 0.0044715249819184955,
  "pop_dev_mean": 0.0033499196562560077,
  "cut_edges": 540.0,
  "county_splits": 44.0,
  "district_populations": {
    "district_0": 714172,
    "district_1": 716360,
    "district_2": 711285,
    "district_3": 710351,
    "district_4": 713660,
    "district_5": 711705,
    "district_6": 712700,
    "district_7": 715874
  }
}