{
  "label": "best_map_fewest_splits",
  "output_file": "data/mn/final/best_map_fewest_splits.gpkg",
  "n_districts": 8,
  "pp_min": 0.13412682629160722,
  "pp_mean": 0.19558650540782452,
  "pp_max": 0.3012653186168427,
  "pop_dev_max": 0.004761740359933664,
  "pop_dev_mean": 0.0024707300441439324,
  "cut_edges": 563.0,
  "county_splits": 39.0,
  "district_populations": {
    "district_0": 715448,
    "district_1": 714646,
    "district_2": 709888,
    "district_3": 714680,
    "district_4": 713560,
    "district_5": 712808,
    "district_6": 712934,
    "district_7": 712143
  }
}