{
  "label": "best_map_compact",
  "output_file": "data/mo/final/best_map_compact.gpkg",
  "n_districts": 8,
  "pp_min": 0.13781940949822546,
  "pp_mean": 0.22154017558115097,
  "pp_max": 0.5192798670919881,
  "pop_dev_max": 0.004769055873812143,
  "pop_dev_mean": 0.0028434315690929824,
  "cut_edges": 662.0,
  "county_splits": 49.0,
  "district_populations": {
    "district_0": 768299,
    "district_1": 770401,
    "district_2": 765825,
    "district_3": 768624,
    "district_4": 772495,
    "district_5": 768627,
    "district_6": 767435,
    "district_7": 773181
  }
}