{
  "label": "best_map_fewest_splits",
  "output_file": "data/in/final/best_map_fewest_splits.gpkg",
  "n_districts": 9,
  "pp_min": 0.10730693585421945,
  "pp_mean": 0.19526103263812913,
  "pp_max": 0.3562481267181943,
  "pop_dev_max": 0.004870368872082521,
  "pop_dev_mean": 0.0033205988690923308,
  "cut_edges": 920.0,
  "county_splits": 53.0,
  "district_populations": {
    "district_0": 756415,
    "district_1": 754269,
    "district_2": 750182,
    "district_3": 753343,
    "district_4": 751220,
    "district_5": 757024,
    "district_6": 754017,
    "district_7": 754916,
    "district_8": 754137
  }
}