{
  "label": "best_map_compact",
  "output_file": "data/in/final/best_map_compact.gpkg",
  "n_districts": 9,
  "pp_min": 0.11093199424427826,
  "pp_mean": 0.23876835310273725,
  "pp_max": 0.536294041617927,
  "pop_dev_max": 0.004449914914443588,
  "pop_dev_mean": 0.0026435692576681265,
  "cut_edges": 781.0,
  "county_splits": 54.0,
  "district_populations": {
    "district_0": 752592,
    "district_1": 756918,
    "district_2": 751190,
    "district_3": 750676,
    "district_4": 752514,
    "district_5": 756679,
    "district_6": 756365,
    "district_7": 751205,
    "district_8": 757384
  }
}