{
  "label": "best_map_fewest_splits",
  "output_file": "data/nh/final/best_map_fewest_splits.gpkg",
  "n_districts": 2,
  "pp_min": 0.25082879598066665,
  "pp_mean": 0.3565057288238148,
  "pp_max": 0.4621826616669629,
  "pop_dev_max": 0.0009182442936638238,
  "pop_dev_mean": 0.0009182442936638238,
  "cut_edges": 35.0,
  "county_splits": 4.0,
  "district_populations": {
    "district_0": 688902,
    "district_1": 687638
  }
}