{
  "label": "best_map_fewest_splits",
  "output_file": "data/la/final/best_map_fewest_splits.gpkg",
  "n_districts": 6,
  "pp_min": 0.10193826447586338,
  "pp_mean": 0.14526939593309166,
  "pp_max": 0.19777861543106678,
  "pop_dev_max": 0.0032769329299018536,
  "pop_dev_mean": 0.0018457572166917255,
  "cut_edges": 657.0,
  "county_splits": 35.0,
  "district_populations": {
    "district_0": 776283,
    "district_1": 773741,
    "district_2": 774532,
    "district_3": 778332,
    "district_4": 777475,
    "district_5": 777346
  }
}