{
  "label": "best_map_fewest_splits",
  "output_file": "data/ms/final/best_map_fewest_splits.gpkg",
  "n_districts": 4,
  "pp_min": 0.11414434143240491,
  "pp_mean": 0.22282653286002907,
  "pp_max": 0.32865940464039795,
  "pop_dev_max": 0.0038937048956669447,
  "pop_dev_mean": 0.002072139916722669,
  "cut_edges": 267.0,
  "county_splits": 25.0,
  "district_populations": {
    "district_0": 739226,
    "district_1": 740435,
    "district_2": 740905,
    "district_3": 740624
  }
}