{
  "label": "best_map_compact",
  "output_file": "data/ky/final/best_map_compact.gpkg",
  "n_districts": 6,
  "pp_min": 0.13503570007615365,
  "pp_mean": 0.18784053850367852,
  "pp_max": 0.22729961915575234,
  "pop_dev_max": 0.00447863304021841,
  "pop_dev_mean": 0.0031711811861895793,
  "cut_edges": 490.0,
  "county_splits": 35.0,
  "district_populations": {
    "district_0": 751753,
    "district_1": 751111,
    "district_2": 751422,
    "district_3": 752484,
    "district_4": 748830,
    "district_5": 749346
  }
}