{
  "label": "best_map_fewest_splits",
  "output_file": "data/ky/final/best_map_fewest_splits.gpkg",
  "n_districts": 6,
  "pp_min": 0.13503570007615365,
  "pp_mean": 0.183888470622934,
  "pp_max": 0.21094168014168224,
  "pop_dev_max": 0.004673973894470706,
  "pop_dev_mean": 0.0031711811861895793,
  "cut_edges": 492.0,
  "county_splits": 34.0,
  "district_populations": {
    "district_0": 750352,
    "district_1": 751111,
    "district_2": 751422,
    "district_3": 753885,
    "district_4": 748830,
    "district_5": 749346
  }
}