{
  "label": "best_map_compact",
  "output_file": "data/ia/final/best_map_compact.gpkg",
  "n_districts": 4,
  "pp_min": 0.24497279413460368,
  "pp_mean": 0.3026335952390281,
  "pp_max": 0.39493619573397726,
  "pop_dev_max": 0.0039795181447972875,
  "pop_dev_mean": 0.001989759072398644,
  "cut_edges": 197.0,
  "county_splits": 31.0,
  "district_populations": {
    "district_0": 797588,
    "district_1": 797724,
    "district_2": 793843,
    "district_3": 801181
  }
}