{
  "label": "best_map_fewest_splits",
  "output_file": "data/ia/final/best_map_fewest_splits.gpkg",
  "n_districts": 4,
  "pp_min": 0.1952933935516324,
  "pp_mean": 0.26921978379454414,
  "pp_max": 0.3610568409859355,
  "pop_dev_max": 0.0048132861240947665,
  "pop_dev_mean": 0.0027000290878452927,
  "cut_edges": 211.0,
  "county_splits": 27.0,
  "district_populations": {
    "district_0": 799842,
    "district_1": 793745,
    "district_2": 797116,
    "district_3": 799633
  }
}