{
  "label": "best_map_compact",
  "output_file": "data/tn/final/best_map_compact.gpkg",
  "n_districts": 9,
  "pp_min": 0.11830754546806417,
  "pp_mean": 0.16378072403228366,
  "pp_max": 0.21987276747063259,
  "pop_dev_max": 0.004296494591759232,
  "pop_dev_mean": 0.0028768062639928913,
  "cut_edges": 480.0,
  "county_splits": 43.0,
  "district_populations": {
    "district_0": 769722,
    "district_1": 766513,
    "district_2": 767767,
    "district_3": 771414,
    "district_4": 766207,
    "district_5": 769406,
    "district_6": 769754,
    "district_7": 765378,
    "district_8": 764589
  }
}