{
  "label": "best_map_compact",
  "output_file": "data/ma/final/best_map_compact.gpkg",
  "n_districts": 9,
  "pp_min": 0.10122180895891418,
  "pp_mean": 0.22274622422850396,
  "pp_max": 0.5371401433569515,
  "pop_dev_max": 0.004509157078241481,
  "pop_dev_mean": 0.0027472428037043505,
  "cut_edges": 558.0,
  "county_splits": 23.0,
  "district_populations": {
    "district_0": 778602,
    "district_1": 784624,
    "district_2": 777332,
    "district_3": 781760,
    "district_4": 784910,
    "district_5": 778891,
    "district_6": 780839,
    "district_7": 781060,
    "district_8": 781899
  }
}