{
  "label": "best_map_fewest_splits",
  "output_file": "data/ma/final/best_map_fewest_splits.gpkg",
  "n_districts": 9,
  "pp_min": 0.1036102821797361,
  "pp_mean": 0.20813592751054644,
  "pp_max": 0.5702711028436114,
  "pop_dev_max": 0.0046679071744374955,
  "pop_dev_mean": 0.0032730274213921906,
  "cut_edges": 557.0,
  "county_splits": 19.0,
  "district_populations": {
    "district_0": 779772,
    "district_1": 781111,
    "district_2": 777492,
    "district_3": 780897,
    "district_4": 784101,
    "district_5": 779410,
    "district_6": 781175,
    "district_7": 783479,
    "district_8": 782480
  }
}