{
  "label": "best_map_fewest_splits",
  "output_file": "data/va/final/best_map_fewest_splits.gpkg",
  "n_districts": 11,
  "pp_min": 0.10142207370747346,
  "pp_mean": 0.16109262090876653,
  "pp_max": 0.2453542054963794,
  "pop_dev_max": 0.004966192469530655,
  "pop_dev_mean": 0.0029386074592618436,
  "cut_edges": 629.0,
  "county_splits": 57.0,
  "district_populations": {
    "district_0": 787483,
    "district_1": 781865,
    "district_2": 784389,
    "district_3": 785808,
    "district_4": 788566,
    "district_5": 786777,
    "district_6": 782343,
    "district_7": 782337,
    "district_8": 781635,
    "district_9": 786924,
    "district_10": 783234
  }
}