{
  "label": "best_map_fewest_splits",
  "output_file": "data/az/final/best_map_fewest_splits.gpkg",
  "n_districts": 9,
  "pp_min": 0.13258776139676867,
  "pp_mean": 0.2336393488329954,
  "pp_max": 0.31504196089081554,
  "pop_dev_max": 0.0037139819955773574,
  "pop_dev_mean": 0.0020070480514754446,
  "cut_edges": 482.0,
  "county_splits": 15.0,
  "district_populations": {
    "district_0": 796172,
    "district_1": 795209,
    "district_2": 793322,
    "district_3": 795432,
    "district_4": 793417,
    "district_5": 791733,
    "district_6": 795792,
    "district_7": 797546,
    "district_8": 792731
  }
}