{
  "label": "best_map_compact",
  "output_file": "data/az/final/best_map_compact.gpkg",
  "n_districts": 9,
  "pp_min": 0.17855388682771284,
  "pp_mean": 0.2561922683968548,
  "pp_max": 0.31504196089081554,
  "pop_dev_max": 0.00442979049841469,
  "pop_dev_mean": 0.002556314665881611,
  "cut_edges": 466.0,
  "county_splits": 17.0,
  "district_populations": {
    "district_0": 794349,
    "district_1": 796294,
    "district_2": 792082,
    "district_3": 795432,
    "district_4": 791733,
    "district_5": 795073,
    "district_6": 797770,
    "district_7": 797546,
    "district_8": 791075
  }
}