{
  "label": "best_map_fewest_splits",
  "output_file": "data/wv/final/best_map_fewest_splits.gpkg",
  "n_districts": 2,
  "pp_min": 0.11181856262669529,
  "pp_mean": 0.133445554293453,
  "pp_max": 0.15507254596021075,
  "pop_dev_max": 0.004538230148290646,
  "pop_dev_mean": 0.004538230148290646,
  "cut_edges": 47.0,
  "county_splits": 6.0,
  "district_populations": {
    "district_0": 431997,
    "district_1": 429352
  }
}