{
  "label": "best_map_compact",
  "output_file": "data/wv/final/best_map_compact.gpkg",
  "n_districts": 2,
  "pp_min": 0.12142084308729414,
  "pp_mean": 0.14805328218325975,
  "pp_max": 0.17468572127922538,
  "pop_dev_max": 0.00012190180751356303,
  "pop_dev_mean": 0.00012190180751356303,
  "cut_edges": 29.0,
  "county_splits": 7.0,
  "district_populations": {
    "district_0": 429948,
    "district_1": 431401
  }
}