{
  "label": "best_map_fewest_splits",
  "output_file": "data/ct/final/best_map_fewest_splits.gpkg",
  "n_districts": 5,
  "pp_min": 0.20735001915280282,
  "pp_mean": 0.3047117672070714,
  "pp_max": 0.39096537358676575,
  "pop_dev_max": 0.0041271555519685095,
  "pop_dev_mean": 0.0019815671653588642,
  "cut_edges": 201.0,
  "county_splits": 8.0,
  "district_populations": {
    "district_0": 724323,
    "district_1": 719010,
    "district_2": 720542,
    "district_3": 723606,
    "district_4": 718150
  }
}