{
  "label": "best_map_compact",
  "output_file": "data/ct/final/best_map_compact.gpkg",
  "n_districts": 5,
  "pp_min": 0.19796077975456647,
  "pp_mean": 0.3429754513586983,
  "pp_max": 0.4176347825363826,
  "pop_dev_max": 0.0037679951165273894,
  "pop_dev_mean": 0.0019815671653588642,
  "cut_edges": 173.0,
  "county_splits": 9.0,
  "district_populations": {
    "district_0": 721733,
    "district_1": 724068,
    "district_2": 721473,
    "district_3": 720207,
    "district_4": 718150
  }
}