{
  "label": "best_map_compact",
  "output_file": "data/mt/final/best_map_compact.gpkg",
  "n_districts": 2,
  "pp_min": 0.25700708936139144,
  "pp_mean": 0.38679791700764865,
  "pp_max": 0.5165887446539058,
  "pop_dev_max": 0.0008531439507482303,
  "pop_dev_mean": 0.0008531439507482303,
  "cut_edges": 72.0,
  "county_splits": 7.0,
  "district_populations": {
    "district_0": 542575,
    "district_1": 541650
  }
}