{
  "label": "best_map_fewest_splits",
  "output_file": "data/mt/final/best_map_fewest_splits.gpkg",
  "n_districts": 2,
  "pp_min": 0.2581021597409671,
  "pp_mean": 0.35961543723929934,
  "pp_max": 0.46112871473763156,
  "pop_dev_max": 0.00014664852775023634,
  "pop_dev_mean": 0.00014664852775023634,
  "cut_edges": 40.0,
  "county_splits": 5.0,
  "district_populations": {
    "district_0": 541362,
    "district_1": 542863
  }
}