{
  "label": "best_map_compact",
  "output_file": "data/hi/final/best_map_compact.gpkg",
  "n_districts": 2,
  "pp_min": 0.18075426988921886,
  "pp_mean": 0.2520523701627971,
  "pp_max": 0.32335047043637527,
  "pop_dev_max": 0.0033585569420014403,
  "pop_dev_mean": 0.0033585569420014403,
  "cut_edges": 71.0,
  "county_splits": 1.0,
  "district_populations": {
    "district_0": 506547,
    "district_1": 509961
  }
}