{
  "label": "best_map_fewest_splits",
  "output_file": "data/ks/final/best_map_fewest_splits.gpkg",
  "n_districts": 4,
  "pp_min": 0.24562886964088956,
  "pp_mean": 0.334972325235637,
  "pp_max": 0.4081483900266577,
  "pop_dev_max": 0.0023990088090732093,
  "pop_dev_mean": 0.0013097880104020587,
  "cut_edges": 337.0,
  "county_splits": 17.0,
  "district_populations": {
    "district_0": 737559,
    "district_1": 732811,
    "district_2": 732128,
    "district_3": 735382
  }
}