{
  "label": "best_map_compact",
  "output_file": "data/ks/final/best_map_compact.gpkg",
  "n_districts": 4,
  "pp_min": 0.2532002597192847,
  "pp_mean": 0.370151779873773,
  "pp_max": 0.46603309771245893,
  "pop_dev_max": 0.00330850817596362,
  "pop_dev_mean": 0.0019844241425790027,
  "cut_edges": 390.0,
  "county_splits": 21.0,
  "district_populations": {
    "district_0": 735811,
    "district_1": 730975,
    "district_2": 735712,
    "district_3": 735382
  }
}