{
  "label": "best_map_fewest_splits",
  "output_file": "data/co/final/best_map_fewest_splits.gpkg",
  "n_districts": 8,
  "pp_min": 0.10267890418941808,
  "pp_mean": 0.1724355049280829,
  "pp_max": 0.2584434575209894,
  "pop_dev_max": 0.003279344976214617,
  "pop_dev_mean": 0.0020122229816024835,
  "cut_edges": 750.0,
  "county_splits": 37.0,
  "district_populations": {
    "district_0": 723305,
    "district_1": 721145,
    "district_2": 722963,
    "district_3": 722086,
    "district_4": 725211,
    "district_5": 719144,
    "district_6": 721372,
    "district_7": 718488
  }
}