{
  "label": "best_map_compact",
  "output_file": "data/co/final/best_map_compact.gpkg",
  "n_districts": 8,
  "pp_min": 0.13750686319363908,
  "pp_mean": 0.20555254581020738,
  "pp_max": 0.3114253246087175,
  "pop_dev_max": 0.004608125722888249,
  "pop_dev_mean": 0.0019772368357698356,
  "cut_edges": 655.0,
  "county_splits": 42.0,
  "district_populations": {
    "district_0": 718592,
    "district_1": 719229,
    "district_2": 724848,
    "district_3": 718864,
    "district_4": 719267,
    "district_5": 722665,
    "district_6": 725185,
    "district_7": 725064
  }
}