{
  "label": "best_map_fewest_splits",
  "output_file": "data/ut/final/best_map_fewest_splits.gpkg",
  "n_districts": 4,
  "pp_min": 0.1096917007360867,
  "pp_mean": 0.23986317902424867,
  "pp_max": 0.3459031221635319,
  "pop_dev_max": 0.0018412918875564859,
  "pop_dev_mean": 0.001018456933821084,
  "cut_edges": 440.0,
  "county_splits": 9.0,
  "district_populations": {
    "district_0": 817678,
    "district_1": 821314,
    "district_2": 818538,
    "district_3": 814086
  }
}