{
  "label": "best_map_compact",
  "output_file": "data/ut/final/best_map_compact.gpkg",
  "n_districts": 4,
  "pp_min": 0.16750461678700926,
  "pp_mean": 0.33939943735462624,
  "pp_max": 0.47392973773407804,
  "pop_dev_max": 0.004751168841331012,
  "pop_dev_mean": 0.003104276296484673,
  "cut_edges": 400.0,
  "county_splits": 11.0,
  "district_populations": {
    "district_0": 816470,
    "district_1": 815680,
    "district_2": 821863,
    "district_3": 817603
  }
}