{
  "label": "best_map_compact",
  "output_file": "data/ri/final/best_map_compact.gpkg",
  "n_districts": 2,
  "pp_min": 0.4793753191047837,
  "pp_mean": 0.5150275196610761,
  "pp_max": 0.5506797202173686,
  "pop_dev_max": 0.004674402286925999,
  "pop_dev_mean": 0.004674402286925999,
  "cut_edges": 43.0,
  "county_splits": 2.0,
  "district_populations": {
    "district_0": 547194,
    "district_1": 548775
  }
}