{
  "label": "best_map_fewest_splits",
  "output_file": "data/ri/final/best_map_fewest_splits.gpkg",
  "n_districts": 2,
  "pp_min": 0.435427959122935,
  "pp_mean": 0.46637688184938975,
  "pp_max": 0.49732580457584447,
  "pop_dev_max": 0.0028039114245019705,
  "pop_dev_mean": 0.0028039114245019705,
  "cut_edges": 32.0,
  "county_splits": 1.0,
  "district_populations": {
    "district_0": 545253,
    "district_1": 550716
  }
}