{
  "label": "best_map_compact",
  "output_file": "data/il/final/best_map_compact.gpkg",
  "n_districts": 17,
  "pp_min": 0.10350593370172095,
  "pp_mean": 0.19557829340197874,
  "pp_max": 0.32521828429551414,
  "pop_dev_max": 0.004494142262810466,
  "pop_dev_mean": 0.00233428176088497,
  "cut_edges": 1780.0,
  "county_splits": 69.0,
  "district_populations": {
    "district_0": 753065,
    "district_1": 754296,
    "district_2": 753110,
    "district_3": 754473,
    "district_4": 757061,
    "district_5": 755985,
    "district_6": 750845,
    "district_7": 750314,
    "district_8": 753091,
    "district_9": 755739,
    "district_10": 751100,
    "district_11": 752921,
    "district_12": 755475,
    "district_13": 752484,
    "district_14": 751181,
    "district_15": 756709,
    "district_16": 754607
  }
}