{
  "label": "best_map_compact",
  "output_file": "data/oh/final/best_map_compact.gpkg",
  "n_districts": 15,
  "pp_min": 0.11214174451847395,
  "pp_mean": 0.16620292729756153,
  "pp_max": 0.26352771048058904,
  "pop_dev_max": 0.004826385142788461,
  "pop_dev_mean": 0.002782491096016628,
  "cut_edges": 1730.0,
  "county_splits": 80.0,
  "district_populations": {
    "district_0": 783409,
    "district_1": 790063,
    "district_2": 789465,
    "district_3": 784192,
    "district_4": 784115,
    "district_5": 789659,
    "district_6": 785298,
    "district_7": 786784,
    "district_8": 787439,
    "district_9": 787340,
    "district_10": 783315,
    "district_11": 787332,
    "district_12": 784797,
    "district_13": 789318,
    "district_14": 786781
  }
}