{
  "label": "best_map_compact",
  "output_file": "data/nc/final/best_map_compact.gpkg",
  "n_districts": 14,
  "pp_min": 0.1091615029862205,
  "pp_mean": 0.19013032119926376,
  "pp_max": 0.3618955142828171,
  "pop_dev_max": 0.004812542650967729,
  "pop_dev_mean": 0.0030414755019300896,
  "cut_edges": 791.0,
  "county_splits": 64.0,
  "district_populations": {
    "district_0": 743515,
    "district_1": 747356,
    "district_2": 743169,
    "district_3": 748913,
    "district_4": 747137,
    "district_5": 747532,
    "district_6": 742061,
    "district_7": 748077,
    "district_8": 747081,
    "district_9": 742571,
    "district_10": 748561,
    "district_11": 747290,
    "district_12": 744010,
    "district_13": 742115
  }
}