{
  "label": "best_map_compact",
  "output_file": "data/or/final/best_map_compact.gpkg",
  "n_districts": 6,
  "pp_min": 0.14832880541947036,
  "pp_mean": 0.25960542764072486,
  "pp_max": 0.4282571841040838,
  "pop_dev_max": 0.0023791413426135265,
  "pop_dev_mean": 0.001112673185528124,
  "cut_edges": 244.0,
  "county_splits": 19.0,
  "district_populations": {
    "district_0": 704268,
    "district_1": 707884,
    "district_2": 706260,
    "district_3": 703288,
    "district_4": 707174,
    "district_5": 708369
  }
}