{
  "label": "best_map_fewest_splits",
  "output_file": "data/or/final/best_map_fewest_splits.gpkg",
  "n_districts": 6,
  "pp_min": 0.14584134937946255,
  "pp_mean": 0.24216200171353863,
  "pp_max": 0.4282571841040838,
  "pop_dev_max": 0.0029592355217768333,
  "pop_dev_mean": 0.0013242101054860437,
  "cut_edges": 260.0,
  "county_splits": 17.0,
  "district_populations": {
    "district_0": 704268,
    "district_1": 707884,
    "district_2": 706260,
    "district_3": 703288,
    "district_4": 707174,
    "district_5": 708369
  }
}