{
  "label": "best_map_compact",
  "output_file": "data/id/final/best_map_compact.gpkg",
  "n_districts": 2,
  "pp_min": 0.24708629872862387,
  "pp_mean": 0.31801530876188755,
  "pp_max": 0.3889443187951513,
  "pop_dev_max": 0.0024022541386956487,
  "pop_dev_mean": 0.0024022541386956487,
  "cut_edges": 46.0,
  "county_splits": 3.0,
  "district_populations": {
    "district_0": 917344,
    "district_1": 921762
  }
}