{
  "label": "best_map_fewest_splits",
  "output_file": "data/wi/final/best_map_fewest_splits.gpkg",
  "n_districts": 8,
  "pp_min": 0.10882057605811561,
  "pp_mean": 0.19345877130108713,
  "pp_max": 0.2945976244483628,
  "pop_dev_max": 0.004741848616818012,
  "pop_dev_mean": 0.002501826952981772,
  "cut_edges": 975.0,
  "county_splits": 42.0,
  "district_populations": {
    "district_0": 733302,
    "district_1": 734381,
    "district_2": 735797,
    "district_3": 739839,
    "district_4": 738937,
    "district_5": 736113,
    "district_6": 735427,
    "district_7": 739897
  }
}