{
  "label": "best_map_compact",
  "output_file": "data/wi/final/best_map_compact.gpkg",
  "n_districts": 8,
  "pp_min": 0.1337571019878257,
  "pp_mean": 0.22356820120029272,
  "pp_max": 0.46105141175114656,
  "pop_dev_max": 0.004724202634918378,
  "pop_dev_mean": 0.0028143644400887525,
  "cut_edges": 850.0,
  "county_splits": 46.0,
  "district_populations": {
    "district_0": 740380,
    "district_1": 736883,
    "district_2": 737672,
    "district_3": 736461,
    "district_4": 736326,
    "district_5": 736882,
    "district_6": 735367,
    "district_7": 733722
  }
}