{
  "label": "best_map_compact",
  "output_file": "data/ga/final/best_map_compact.gpkg",
  "n_districts": 14,
  "pp_min": 0.1034675655946588,
  "pp_mean": 0.14483737773014105,
  "pp_max": 0.2148701268582201,
  "pop_dev_max": 0.004965712757901086,
  "pop_dev_mean": 0.0026666847329858572,
  "cut_edges": 903.0,
  "county_splits": 83.0,
  "district_populations": {
    "district_0": 762679,
    "district_1": 762890,
    "district_2": 762282,
    "district_3": 766427,
    "district_4": 764333,
    "district_5": 767546,
    "district_6": 768101,
    "district_7": 763942,
    "district_8": 762930,
    "district_9": 768420,
    "district_10": 764084,
    "district_11": 768409,
    "district_12": 768037,
    "district_13": 761776
  }
}