{
  "label": "best_map_fewest_splits",
  "output_file": "data/nj/final/best_map_fewest_splits.gpkg",
  "n_districts": 12,
  "pp_min": 0.12084428341541872,
  "pp_mean": 0.1969975604157381,
  "pp_max": 0.3099642775157092,
  "pop_dev_max": 0.004989141963179564,
  "pop_dev_mean": 0.002395313496477328,
  "cut_edges": 1122.0,
  "county_splits": 33.0,
  "district_populations": {
    "district_0": 777403,
    "district_1": 773446,
    "district_2": 773853,
    "district_3": 772695,
    "district_4": 775451,
    "district_5": 774330,
    "district_6": 770879,
    "district_7": 774783,
    "district_8": 771184,
    "district_9": 770727,
    "district_10": 776912,
    "district_11": 777309
  }
}